<?xml version="1.0" encoding="utf-8"?>
<addon addon_id="GenderTextField" title="Gender as a Text Field" version_string="1.0.0" version_id="1" url="http://www.iversia.com/" install_callback_class="Iversia_GenderTextfield_Installer" install_callback_method="install" uninstall_callback_class="Iversia_GenderTextfield_Installer" uninstall_callback_method="uninstall">
  <admin_navigation/>
  <admin_permissions/>
  <admin_style_properties/>
  <admin_templates/>
  <admin_template_modifications>
    <modification template="user_edit" modification_key="gtf_user_edit" description="Change radio buttons to text field in admin area." execution_order="10" enabled="1" action="str_replace">
      <find><![CDATA[<xen:radiounit label="{xen:phrase gender}:" name="gender" value="{$user.gender}">
				<xen:option value="male">{xen:phrase male}</xen:option>
				<xen:option value="female">{xen:phrase female}</xen:option>
				<xen:option value="">({xen:phrase unspecified})</xen:option>
			</xen:radiounit>]]></find>
      <replace><![CDATA[<xen:textboxunit label="{xen:phrase gender}:" name="gender" value="{$user.gender}" />]]></replace>
    </modification>
  </admin_template_modifications>
  <code_events/>
  <code_event_listeners>
    <listener event_id="load_class_datawriter" execute_order="10" callback_class="Iversia_GenderTextfield_Listener" callback_method="loadClassListener" active="1" hint="XenForo_DataWriter_User" description="Override gender field."/>
  </code_event_listeners>
  <cron/>
  <email_templates/>
  <email_template_modifications/>
  <optiongroups/>
  <permissions>
    <permission_groups/>
    <permissions/>
    <interface_groups/>
  </permissions>
  <phrases>
    <phrase title="please_enter_gender_expression_that_does_not_contain_any_censored_words" version_id="1" version_string="1.0.0"><![CDATA[Please enter a gender expression that does not contain any censored words.]]></phrase>
  </phrases>
  <route_prefixes/>
  <style_properties/>
  <templates/>
  <public_template_modifications>
    <modification template="account_personal_details" modification_key="gtf_account_personal_details" description="Change gender to text field on account details page." execution_order="10" enabled="1" action="str_replace">
      <find><![CDATA[<ul>
					<li><label for="ctrl_gender_male"><input type="radio" name="gender" value="male" id="ctrl_gender_male" {xen:checked "{$visitor.gender} == 'male'"} /> {xen:phrase male}</label></li>
					<li><label for="ctrl_gender_female"><input type="radio" name="gender" value="female" id="ctrl_gender_female" {xen:checked "{$visitor.gender} == 'female'"}  /> {xen:phrase female}</label></li>
					<li><label for="ctrl_gender_"><input type="radio" name="gender" value="" id="ctrl_gender_" {xen:checked "{$visitor.gender} == ''"}  /> ({xen:phrase unspecified})</label></li>
				</ul>]]></find>
      <replace><![CDATA[<input type="text" name="gender" value="{$visitor.gender}" id="ctrl_gender" class="textCtrl" />]]></replace>
    </modification>
    <modification template="member_view" modification_key="gtf_member_view" description="" execution_order="10" enabled="1" action="str_replace">
      <find><![CDATA[<xen:if is="{$user.gender} == 'male'">{xen:phrase male}<xen:else />{xen:phrase female}</xen:if>]]></find>
      <replace><![CDATA[{$user.gender}]]></replace>
    </modification>
    <modification template="register_form" modification_key="gtf_register_form" description="Remove gender field from registration" execution_order="10" enabled="1" action="str_replace">
      <find><![CDATA[<dl class="ctrlUnit">
		<dt>{xen:phrase gender}:</dt>
		<dd>
			<ul>
				<li><label for="ctrl_gender_male"><input type="radio" name="gender" value="male" id="ctrl_gender_male" {xen:checked "{$fields.gender} == 'male'"} /> {xen:phrase male}</label></li>
				<li><label for="ctrl_gender_female"><input type="radio" name="gender" value="female" id="ctrl_gender_female" {xen:checked "{$fields.gender} == 'female'"} /> {xen:phrase female}</label></li>
				<li><label for="ctrl_gender_"><input type="radio" name="gender" value="" id="ctrl_gender_" {xen:checked "!{$fields.gender}"} /> ({xen:phrase unspecified})</label></li>
			</ul>
		</dd>
	</dl>]]></find>
      <replace><![CDATA[]]></replace>
    </modification>
  </public_template_modifications>
  <bb_code_media_sites/>
</addon>
